{
  "IcoMoonType": "selection",
  "icons": [
    {
      "icon": {
        "paths": [
          "M853.333 170.667h-682.667c-46.933 0-84.878 38.4-84.878 85.333l-0.455 512c0 46.933 38.4 85.333 85.333 85.333h682.667c46.933 0 85.333-38.4 85.333-85.333v-512c0-46.933-38.4-85.333-85.333-85.333zM836.267 352.028l-301.625 188.53c-6.44 4.025-14.262 6.413-22.642 6.413s-16.202-2.387-22.824-6.518l0.182 0.106-301.625-188.53c-10.74-6.421-17.82-17.988-17.82-31.209 0-20.014 16.224-36.238 36.238-36.238 7.441 0 14.359 2.243 20.114 6.090l-0.132-0.083 285.867 178.745 285.867-178.802c5.623-3.764 12.541-6.007 19.982-6.007 20.014 0 36.238 16.224 36.238 36.238 0 13.221-7.080 24.788-17.655 31.117l-0.165 0.092z"
        ],
        "attrs": [
          {}
        ],
        "isMulticolor": false,
        "isMulticolor2": false,
        "grid": 0,
        "tags": [
          "emailform"
        ]
      },
      "attrs": [
        {}
      ],
      "properties": {
        "order": 78,
        "id": 3,
        "name": "emailform",
        "prevSize": 32
      },
      "setIdx": 0,
      "setId": 4,
      "iconIdx": 0
    },
    {
      "icon": {
        "paths": [
          "M512 512c141.385 0 256-114.615 256-256s-114.615-256-256-256v0c-141.385 0-256 114.615-256 256s114.615 256 256 256v0zM512 640c-170.837 0-512 85.76-512 256v64c0 35.157 28.843 64 64 64h896c35.157 0 64-28.843 64-64v-64c0-170.24-341.163-256-512-256z"
        ],
        "attrs": [
          {}
        ],
        "isMulticolor": false,
        "isMulticolor2": false,
        "grid": 0,
        "tags": [
          "peopleform"
        ]
      },
      "attrs": [
        {}
      ],
      "properties": {
        "order": 79,
        "id": 2,
        "name": "peopleform",
        "prevSize": 32
      },
      "setIdx": 0,
      "setId": 4,
      "iconIdx": 1
    },
    {
      "icon": {
        "paths": [
          "M877.422 667.282l-134.437-15.36c-3.702-0.461-7.987-0.725-12.334-0.725-29.090 0-55.426 11.793-74.487 30.859l-97.427 97.427c-150.962-77.917-270.931-197.909-346.728-344.447l-2.090-4.444 98.011-97.792c19.066-19.061 30.859-45.397 30.859-74.487 0-4.346-0.263-8.631-0.775-12.84l0.050 0.506-15.36-133.413c-6.366-52.966-51.033-93.623-105.196-93.623-0.046 0-0.091 0-0.137 0l-91.568-0c-59.831-0.073-109.568 49.664-105.911 109.495 28.087 452.023 389.632 812.983 841.143 841.070 59.758 3.657 109.568-46.080 109.568-105.911v-91.575c0.001-0.151 0.001-0.33 0.001-0.508 0-53.805-40.513-98.147-92.698-104.186l-0.487-0.046z"
        ],
        "attrs": [
          {}
        ],
        "isMulticolor": false,
        "isMulticolor2": false,
        "grid": 0,
        "tags": [
          "phoneform"
        ]
      },
      "attrs": [
        {}
      ],
      "properties": {
        "order": 80,
        "id": 1,
        "name": "phoneform",
        "prevSize": 32
      },
      "setIdx": 0,
      "setId": 4,
      "iconIdx": 2
    },
    {
      "icon": {
        "paths": [
          "M1024 103.145l-103.145-103.145-408.855 408.855-408.855-408.855-103.145 103.145 408.855 408.855-408.855 408.855 103.145 103.145 408.855-408.855 408.855 408.855 103.145-103.145-408.855-408.855 408.855-408.855z"
        ],
        "attrs": [
          {}
        ],
        "isMulticolor": false,
        "isMulticolor2": false,
        "grid": 0,
        "tags": [
          "Vector"
        ]
      },
      "attrs": [
        {}
      ],
      "properties": {
        "order": 81,
        "id": 0,
        "name": "Vector",
        "prevSize": 32
      },
      "setIdx": 0,
      "setId": 4,
      "iconIdx": 3
    }
  ],
  "height": 1024,
  "preferences": {
    "showGlyphs": true,
    "showQuickUse": true,
    "showQuickUse2": true,
    "showSVGs": true,
    "fontPref": {
      "prefix": "icon-",
      "metadata": {
        "fontFamily": "icomoon"
      },
      "metrics": {
        "emSize": 1024,
        "baseline": 6.25,
        "whitespace": 50
      },
      "embed": false
    },
    "imagePref": {
      "prefix": "icon",
      "png": false,
      "useClassSelector": true,
      "color": 0,
      "bgColor": 16777215,
      "classSelector": ".icon",
      "name": "icon",
      "height": 32,
      "columns": 16,
      "margin": 16
    },
    "historySize": 50,
    "showCodes": true,
    "gridSize": 16
  }
}